Day,Stock_A,Stock_B,Stock_C,Stock_D,Stock_E,Stock_A_Volume,Stock_B_Volume,Stock_C_Volume,Stock_D_Volume,Stock_E_Volume,Stock_A_Momentum_10d,Stock_B_Momentum_10d,Stock_C_Momentum_10d,Stock_D_Momentum_10d,Stock_E_Momentum_10d,Interest_Rate,Economic_Growth,Inflation
0,97.22149251619493,61.95942459383017,121.3244787222995,126.07850486168974,106.12771975694963,1307434,952769,1488919,689973,1739614,0.0,0.0,0.0,0.0,0.0,2.8745401188473627,2.242765365166905,2.969584627764559
1,94.27283365334347,62.28189364544877,123.29380076735411,122.18847455589524,104.47049306910006,1231402,739495,1221087,621484,1451836,0.0,0.0,0.0,0.0,0.0,2.8745401188473627,2.242765365166905,2.969584627764559
2,94.97848475890069,63.61306541580136,123.3785205025675,121.04270189101246,104.19621716745608,1470835,608995,1171783,671208,1489343,0.0,0.0,0.0,0.0,0.0,2.8745401188473627,2.242765365166905,2.969584627764559
3,96.47020393865128,63.26527649353644,121.70811364034982,120.29968731995105,102.65987522094046,1353073,599613,1016778,652293,1401451,0.0,0.0,0.0,0.0,0.0,2.8745401188473627,2.242765365166905,2.969584627764559
4,96.67119831971789,64.34220671210221,122.43168166376623,119.93241021682343,102.21298913534903,1045660,371701,726983,469611,1038761,0.0,0.0,0.0,0.0,0.0,2.8745401188473627,2.242765365166905,2.969584627764559
5,95.1269474388632,64.96423408651528,122.30318551921377,119.68381403136624,107.55183812035074,809540,345538,541290,342920,743125,0.0,0.0,0.0,0.0,0.0,2.8745401188473627,2.242765365166905,2.969584627764559
6,95.5065878079851,64.54232415251128,121.43021301158461,121.58067512747725,107.77370534365801,844259,345538,541290,296480,1219471,0.0,0.0,0.0,0.0,0.0,2.8745401188473627,2.242765365166905,2.969584627764559
7,94.10282554174525,65.18806497997502,120.06023968720778,124.71291791597471,109.66500065846556,919317,345538,541290,331913,1213774,0.0,0.0,0.0,0.0,0.0,2.8745401188473627,2.242765365166905,2.969584627764559
8,93.7189502339232,66.07376725147444,120.23957762353035,126.18839043436522,110.54046333559363,913173,358211,566264,424916,1408168,0.0,0.0,0.0,0.0,0.0,2.8745401188473627,2.242765365166905,2.969584627764559
9,92.93855573852218,65.7159956155181,122.46040090540804,125.66690325814723,109.86561732236669,747598,345538,541290,330782,1088260,0.0,0.0,0.0,0.0,0.0,2.8745401188473627,2.242765365166905,2.969584627764559
10,92.05633276580983,66.04705533009513,126.99568351945423,123.92701266519403,109.93707795532774,602727,345538,541290,231295,802120,-5.31277561854412,6.597270331448499,4.67441101489139,-1.7064702653762693,3.589409258111056,2.8745401188473627,2.242765365166905,2.969584627764559
11,93.54482967980472,66.05658756632462,128.04523587820867,122.21526356823622,110.71751217328938,677487,345538,777213,253718,704185,-0.772230923084095,6.06066016933268,3.8537502139464013,0.02192433651238483,5.979697157222515,2.8745401188473627,2.242765365166905,2.969584627764559
12,93.42379182613466,66.7600372610229,130.7699169250885,126.57325617876319,111.76933685124374,730832,345538,678350,276556,788658,-1.636889593166874,4.947052660725641,5.99082919167213,4.569093552398124,7.268133037513945,2.8745401188473627,2.242765365166905,2.969584627764559
13,93.82469987056659,66.9491770342135,130.0029960048365,127.18973796713149,111.27744171708993,720086,345538,809792,354415,901301,-2.742301726413948,5.822942291342763,6.815389801372018,5.727405283153855,8.394288886094088,2.8745401188473627,2.242765365166905,2.969584627764559
14,94.069266210604,67.87902804220134,127.77591458962736,129.19703514977948,113.65478979297093,601242,345538,615841,271682,730054,-2.6915277293952578,5.4968915597261985,4.365073527731153,7.7248717975455685,11.194076950895958,2.8745401188473627,2.242765365166905,2.969584627764559
15,94.01857996965599,66.53784970439446,126.46219958200852,131.5024246789729,113.64473099343647,510828,345538,541290,231295,730131,-1.1651456280771988,2.422279951432264,3.400577053768869,9.87486131124571,5.665075538985927,2.8745401188473627,2.242765365166905,2.969584627764559
16,93.08351715534504,66.26800888185429,128.37044677844185,132.5175700825714,113.2464655485976,510828,405800,544981,251677,645094,-2.5370717436912513,2.673725732691726,5.7154093653736115,8.995586628900385,5.078010621875345,2.8745401188473627,2.242765365166905,2.969584627764559
17,92.78596937682777,66.0741368200987,126.35984904144239,135.46374900042917,112.70068967750906,562238,345538,573017,266137,666489,-1.399380047662126,1.3592547046700452,5.247040461227579,8.620463111686497,2.7681475409804444,2.8745401188473627,2.242765365166905,2.969584627764559
18,94.08516833676276,67.12874723029769,128.6215053301687,134.7272192648096,113.4538182348596,590318,345538,635859,314264,648109,0.3907620624489336,1.5966699383252025,6.971022247668013,6.766730917996547,2.635555172607892,2.8745401188473627,2.242765365166905,2.969584627764559
19,94.13375033179378,66.59539770375552,129.39441082878704,132.65905719050852,115.64308132842706,510828,345538,541290,231295,576458,1.2860051286295135,1.3381857491477553,5.662246630022907,5.564037746675337,5.258664309060576,2.8745401188473627,2.242765365166905,2.969584627764559
20,93.73850238497428,66.78710126285306,130.08065945944148,132.24970147621926,116.75664658028705,510828,345538,541290,231295,592531,1.827326343146727,1.1204828573496024,2.4291974770265825,6.71579878513664,6.203156161500314,2.8745401188473627,2.242765365166905,2.969584627764559
21,93.33261063376267,67.42493684108017,127.0948299596011,132.51916906128466,120.43589347489807,510828,345538,541290,231295,589175,-0.22686346938516785,2.0714804157596594,-0.7422423115464905,8.430948142001487,8.77763698880623,2.8745401188473627,2.242765365166905,3.0351761225807175
22,92.40074045144524,67.04326618552736,128.28217440588148,132.88022445543433,121.14354749018244,520033,375763,773601,231295,793032,-1.0950651377899057,0.424249200756238,-1.9023813562809866,4.982860097842172,8.387104104782377,2.8745401188473627,2.242765365166905,3.0351761225807175
23,92.95914277309494,67.5250744641073,130.82971927952133,133.6528742865356,120.71342323097777,595969,345625,803910,231295,778296,-0.9225258366567735,0.860200909713192,0.6359263248472222,5.081491968380587,8.479689475498308,2.8745401188473627,2.242765365166905,3.0351761225807175
24,93.70586437737272,68.86304450374568,130.56099048204246,131.9560038186859,122.88399579811875,510828,345538,682747,231295,576458,-0.3863130306743209,1.4496619794446173,2.1796563940550198,2.1354736706673787,8.120384562726633,2.8745401188473627,2.242765365166905,3.0351761225807175
25,93.64930906935516,67.46760564887795,132.54199258697506,131.04670480233884,122.73990713239323,510828,345538,541290,231295,597568,-0.3927637499098726,1.3973339213907354,4.807597072533831,-0.3465486493854119,8.003165707244316,2.8745401188473627,2.242765365166905,3.0351761225807175
26,94.05815762130999,67.65888104397133,134.239990755783,130.32586451488135,123.77833430716761,548523,395937,579724,231295,576458,1.0470602054479707,2.098859141213614,4.572348328327908,-1.6538980954181528,9.299953607868193,2.8745401188473627,2.242765365166905,3.0351761225807175
27,93.86234081940822,68.21601143088078,135.7379828751872,128.74012947081255,125.96297293316161,550764,349676,618947,231295,576458,1.1600584116430688,3.2416232944726993,7.421767202862887,-4.963408719476179,11.767703723555133,2.8745401188473627,2.242765365166905,3.0351761225807175
28,93.38902037371406,68.82491605237401,136.6528553527495,131.9925906562933,125.55197127469803,510828,345538,689334,234942,662573,-0.7399125445117472,2.5267398723490144,6.244173555553163,-2.0297521343043075,10.663504523747427,2.8745401188473627,2.242765365166905,3.0351761225807175
29,93.10404818298471,68.87909613262471,135.97164716809496,133.45203493267417,122.40983886648308,510828,345538,541290,231295,576458,-1.0938713746978823,3.42921359074698,5.083091531682019,0.5977562022221146,5.851415804840407,2.8745401188473627,2.242765365166905,3.0351761225807175
30,92.11623670926191,68.22069837679038,138.2858933791655,136.58840160849667,122.23967396899022,510828,345538,541290,231295,576458,-1.730628967219781,2.1465179455762518,6.307804675822974,3.2806880347155882,4.6961158523277655,2.8745401188473627,2.242765365166905,3.0351761225807175
31,92.0258112035243,68.33452155989707,141.1658639065066,134.94987663017653,122.73979280098678,603090,384910,617767,310243,576458,-1.400153088362924,1.3490331047113664,11.071287440549836,1.8342309162591968,1.912967355175476,2.8745401188473627,2.242765365166905,3.0351761225807175
32,93.06957319106782,68.7376958748322,141.67632928766224,136.81374737224286,117.6227267429226,557218,345538,803061,285246,576458,0.7238391557847217,2.5273674534529422,10.44116608080091,2.960201890784555,-2.9063213189668042,2.8745401188473627,2.242765365166905,3.0351761225807175
33,93.82290487599282,68.36137781558112,137.25878582733804,137.79496701548223,120.24638940056519,568735,345538,769332,305647,1017448,0.9291846688025587,1.2385078552091788,4.914071957978323,3.0991422751346827,-0.38689469481694194,2.8745401188473627,2.242765365166905,3.0351761225807175
34,93.73632772635897,69.06834278365349,141.24569177050142,140.27718826723765,123.44618526801783,510828,345538,786281,237983,987807,0.03250954376085067,0.2981254770062355,8.183685838327456,6.306029439922618,0.4574960850253277,2.971693399562467,2.242765365166905,3.0351761225807175
35,94.5496853195059,69.18245083022711,137.40609964668155,139.85007339847746,121.83854837777682,510828,345538,777602,231295,942416,0.9614339487373457,2.541731198041532,3.6698611245901063,6.717733657948115,-0.7343648660611752,2.971693399562467,2.242765365166905,3.0351761225807175
36,96.85481899688311,69.12246756508704,137.76213278077606,140.92659339754096,121.95370773961875,527901,345538,937403,231295,907266,2.9733320812351383,2.163184638191873,2.6237650979883775,8.134017696425223,-1.4741081932972846,2.971693399562467,2.242765365166905,3.0351761225807175
37,98.70217581506807,68.76251407171792,138.28541977231157,139.55952073196744,119.4579168726266,650086,345538,861008,231295,770916,5.156311842863297,0.801135436349678,1.8767310690529095,8.404054979304506,-5.164260503748765,2.971693399562467,2.242765365166905,3.0351761225807175
38,98.11639984337914,68.79772535660408,137.3092623020547,138.30987909134893,116.85394291086351,748499,345538,826573,241099,988942,5.062029187957606,-0.03950705257561094,0.4803463108112698,4.786093222085297,-6.927830981485673,2.971693399562467,2.242765365166905,3.0351761225807175
39,98.08988553696341,67.84804521674504,139.2106766432396,138.50015184174396,114.21505206705206,628068,345538,622928,231295,879228,5.355124134000744,-1.4968996020133831,2.3821359398113215,3.782720069886186,-6.694549127190164,2.971693399562467,2.242765365166905,3.0351761225807175
40,97.82479932585437,67.4072005352932,140.05403570700537,141.05197059959994,110.89819317469183,510828,345538,541290,231295,855646,6.197129648934613,-1.1924501813278774,1.2786136637898566,3.2678975217070043,-9.27806858939717,2.971693399562467,2.242765365166905,3.0351761225807175
41,98.00849460933753,67.36189271134096,141.772160219212,141.49453510094688,109.61303844773455,522619,349043,541290,275044,1163802,6.501092821210704,-1.4233345406590387,0.4294921561964564,4.849695779052586,-10.694782884745663,2.971693399562467,2.242765365166905,3.0351761225807175
42,97.72405972901191,66.90398201260379,144.51313055093655,141.55442493693263,112.99857028817655,510828,345538,625600,252906,1283845,5.001082930066344,-2.6676975986618836,2.0023113794220464,3.4650593640939746,-3.931346078086291,2.971693399562467,2.242765365166905,3.299704434265301
43,97.70715329513968,66.5051299952721,140.79653678261786,138.18773861015194,110.22434003231446,513296,345538,738757,231295,1630160,4.139978850879461,-2.715345827751794,2.57743133450857,0.28504059558690553,-8.334594841650711,2.971693399562467,2.242765365166905,3.299704434265301
44,98.04459438352652,66.90770244696806,137.00946600407286,139.87684051391025,109.41367417572692,510828,345538,735315,231295,1362404,4.596154726419959,-3.1282643387772064,-2.999189365231513,-0.2853976175831991,-11.367310429094656,2.971693399562467,2.242765365166905,3.299704434265301
45,98.25028512321806,68.04905203643325,139.22627134504287,139.38956569142354,107.9082924391458,510828,345538,702222,231295,986384,3.9139208038683133,-1.638274996321257,1.3246658649372989,-0.3292867110207284,-11.433373200933408,2.971693399562467,2.242765365166905,3.299704434265301
46,96.04095338994844,67.63818377066134,138.77515484523028,137.57525752378015,107.71388837459891,510828,439927,694554,231295,1139796,-0.8402943863442256,-2.147324664050893,0.735341449791768,-2.378072011083808,-11.676413640020714,2.971693399562467,2.242765365166905,3.299704434265301
47,96.1709978563377,67.55525631407907,137.25397722440013,137.90429740733188,108.49962925791483,571599,438165,597546,268701,1066820,-2.5644601426749425,-1.7556917078100098,-0.7458794640893597,-1.1860339702760332,-9.173345644722875,2.971693399562467,2.242765365166905,3.299704434265301
48,95.09898813053239,68.57267571170516,137.07253250156506,137.96115266085678,109.75693657569445,512971,401216,609697,242823,956831,-3.0753387992867385,-0.32711785706925794,-0.1724062867433267,-0.2521341445623185,-6.073399115494691,2.971693399562467,2.242765365166905,3.299704434265301
49,95.38852336474022,69.2907203289797,137.81332633083653,136.84910714275844,110.41828560700269,510828,363344,541290,231295,789398,-2.753966076558653,2.126332612274896,-1.0037666263084868,-1.1920887284456323,-3.324226002909325,2.971693399562467,2.242765365166905,3.299704434265301
50,94.26882915140743,69.43299206196946,137.78469030150316,136.4899808430175,110.22294779275627,510828,345538,541290,231295,614890,-3.6350395798942614,3.0053043452169326,-1.6203356040733474,-3.234261625122867,-0.6088876316243285,2.971693399562467,2.242765365166905,3.299704434265301
51,92.42071268645246,69.12924178762037,138.05399169208653,136.80057456435392,108.470757633148,510828,345538,541290,231295,624000,-5.701324099669121,2.623663031341558,-2.6226365750344334,-3.317414720818813,-1.042103047924555,2.971693399562467,2.242765365166905,3.299704434265301
52,93.7396707261274,68.61088101733411,140.46021210982408,137.60046606991094,107.39292549471449,609976,345538,541290,231295,757943,-4.077183258588717,2.551266686052799,-2.8045330037909153,-2.793242859616237,-4.960810370579176,2.971693399562467,2.242765365166905,3.299704434265301
53,95.61161369112439,67.87877290009894,142.78819748009985,139.48338909137718,106.28707937528077,654523,364388,615739,231295,770359,-2.1447146225674825,2.0654690922707633,1.4145665390598385,0.9376016238896994,-3.572042849954378,2.971693399562467,2.242765365166905,3.299704434265301
54,97.11145931646394,67.78221678752637,143.5653080038153,139.9874992719326,106.09032839984319,531930,345538,561833,231295,683709,-0.9517455530616843,1.3070458386333894,4.784955515079186,0.07911156529971408,-3.0374135599780554,2.971693399562467,2.242765365166905,3.299704434265301
55,98.01812474619311,68.38177134544352,139.29430618850813,142.4763427593966,103.35749844105517,510828,345538,541290,231295,576458,-0.23629486340298747,0.4889404026262344,0.04886638333985532,2.214496510310158,-4.217279224075404,2.971693399562467,2.242765365166905,3.299704434265301
56,99.1652072715513,69.21268921848062,136.71741099490805,141.7085059159251,101.5873391173513,523934,367544,810619,296999,816493,3.2530433854791743,2.327835196104471,-1.4827898067324337,3.0043544649956373,-5.687798806353709,2.971693399562467,2.242765365166905,3.299704434265301
57,98.9895105187112,69.07265746959588,138.64237565360992,144.2418326635259,103.88888087637774,561118,355692,961874,259127,884713,2.930730391904478,2.24616297577509,1.0115542422059343,4.595603890047509,-4.2495521994613155,2.971693399562467,2.242765365166905,3.299704434265301
58,98.44748415190126,69.0021410287949,134.6804687407332,142.71669992415156,105.52104752679914,574895,345538,989764,273688,1016719,3.5210637749086717,0.6262921967567728,-1.7451080221375117,3.447019085861876,-3.85933607574225,2.971693399562467,2.242765365166905,3.299704434265301
59,100.23468701361035,68.2355047794586,133.34706870859367,142.68785427436438,106.01899680772081,510828,345538,840836,231295,870751,5.080447288548222,-1.522881483279633,-3.2408024253917986,4.266558440542158,-3.9842031372771785,2.971693399562467,2.242765365166905,3.299704434265301
60,99.38386550148385,68.5809438473076,132.32904912770914,142.66261445651648,106.96419391388791,510828,345538,643812,231295,594376,5.426010268846174,-1.2271518040032092,-3.959540905347234,4.522407853949644,-2.956511274762444,3.2001478780236705,2.242765365166905,3.299704434265301
61,99.40959454039259,68.3517025252296,132.16143726294223,142.48970178058204,106.36288306665281,595558,345538,642198,231295,603246,7.562029820794271,-1.124761739438051,-4.2682970314157656,4.158701258635305,-1.9432652748901151,3.2001478780236705,2.242765365166905,3.299704434265301
62,99.15128596101034,69.49783561910672,133.55351037347125,141.92703170722177,107.56838882668549,591262,345538,541290,231295,633381,5.773025649613897,1.2927316901068966,-4.917194437206578,3.1442957723069256,0.1633844419105969,3.2001478780236705,2.242765365166905,3.299704434265301
63,98.80211635627205,70.34733849240438,134.47819241786812,141.71761651307014,108.346625280888,617094,414839,541290,231295,692070,3.336940505422968,3.636726898317044,-5.819812287629648,1.6017874502814782,1.9377199163929861,3.2001478780236705,1.6922164869919882,2.9969788314057686
64,97.15037335091988,69.61333281875932,131.77353607674888,141.9915418907215,111.37819198803169,510828,362322,541290,231295,576458,0.04007151651292801,2.701469674520771,-8.21352462584696,1.4315868411192558,4.984303157455695,3.2001478780236705,1.6922164869919882,2.9969788314057686
65,99.53135434241837,70.09633657990436,133.0013111073322,138.6010039616101,110.43793442042318,510828,345538,541290,231295,588166,1.5438263077809293,2.507342528170823,-4.517769069942855,-2.719987559149297,6.85043280474322,3.2001478780236705,1.6922164869919882,2.9969788314057686
66,98.69884446564247,69.71304287029491,132.68535343820068,137.72738117258314,107.03979166340928,582482,345538,565064,322118,615826,-0.4702887421308508,0.7229218478057536,-2.9491909826009968,-2.809375991659902,5.367255992165938,3.2001478780236705,1.6922164869919882,2.9969788314057686
67,99.51480123129092,69.03035400682693,133.3114873048341,141.61073977480015,105.50720956564409,574803,345538,541290,321556,930897,0.5306529043604337,-0.06124487506156395,-3.8450641974678437,-1.8240844837733947,1.5577496606129333,3.2001478780236705,1.6922164869919882,2.9969788314057686
68,96.84381054810314,68.88423195473906,135.97011356236214,145.37767118774656,103.4855211836702,594504,354261,541290,395175,948948,-1.6289635206154303,-0.17087741379883686,0.9575589049304337,1.8645128881267614,-1.929024010695093,3.2001478780236705,1.6922164869919882,2.9969788314057686
69,97.3738903812941,68.61257885873225,135.79067341517853,150.6223703267887,101.06113614687007,620955,345538,541290,323213,740278,-2.8540984339361466,0.5526068583978115,1.8325147528551438,5.56075083809699,-4.676388958709413,3.2001478780236705,1.6922164869919882,2.9969788314057686
70,97.64519651507328,68.97610240234319,138.4585734121526,150.807699415223,101.5689591675621,510828,345538,541290,301075,733655,-1.7494479386944495,0.5761929376699682,4.6320322898473485,5.709333864191265,-5.043963357185933,3.2001478780236705,1.6922164869919882,2.9969788314057686
71,97.24668642780485,69.20810539611921,137.71014167007712,152.07063602265583,100.99128012289746,510828,345538,645918,240037,786729,-2.175753882296442,1.2529356830190141,4.198429225686649,6.723948553718882,-5.050260757212841,3.2001478780236705,1.6922164869919882,2.9969788314057686
72,97.65335429005472,69.23267909866941,140.52023464074273,151.96315638444702,98.20433918140259,523311,345538,605660,248045,790363,-1.510753649271539,-0.3815320550276495,5.216429165949746,7.07132711542122,-8.705205820615468,3.2001478780236705,1.6922164869919882,2.9969788314057686
73,99.00860974717506,68.65948019333385,138.99769146345045,150.75859348372484,100.38077169170553,510828,345538,776148,231295,930833,0.20899693095480704,-2.39932076357483,3.360767247330899,6.3795717096476,-7.352193544128433,3.2001478780236705,1.6922164869919882,2.9969788314057686
74,96.75577812119265,70.86294406867336,141.65801933802595,151.20073974980022,100.30724639936928,510828,345538,633748,231295,802839,-0.4061695453314423,1.7950745917702935,7.501114074619693,6.485736922390943,-9.939958075322371,3.2001478780236705,1.6922164869919882,2.9969788314057686
75,97.06596249344958,71.27185030284139,143.34090704891264,152.33208684321883,100.46274067896108,510828,392369,565862,231295,610587,-2.4770002028577736,1.6769973728898546,7.774055650651715,9.906914444437923,-9.032397965256935,3.2001478780236705,1.6922164869919882,2.9969788314057686
76,96.87176281254776,71.20984060707787,142.9275023484792,154.66754078497982,101.4256861798837,540993,361820,625868,231295,576458,-1.8511682309824047,2.1470842114406476,7.71912546854608,12.299776172444131,-5.244877065137931,3.2001478780236705,1.6922164869919882,2.9969788314057686
77,93.8447297469033,71.717954500573,143.49160206774582,154.61841708739294,100.8152851752829,584425,345538,541290,283601,637013,-5.69771673583442,3.893360438916883,7.636337249492662,9.1855161079439,-4.447017800657489,3.2001478780236705,1.6922164869919882,2.9969788314057686
78,94.99637443392378,72.44013694673437,141.6389660958616,155.45238724592994,99.2871005307521,718106,359714,541290,249809,628455,-1.9076450045939923,5.16214653352271,4.169190114634614,6.930029884143963,-4.057012618670179,3.2001478780236705,1.6922164869919882,2.9969788314057686
79,93.60033662096181,72.04399206381208,143.85946638699062,157.44626994199513,100.11209953140576,593352,345538,541290,231295,576458,-3.8753240171014105,5.001143029683868,5.942081859438048,4.530468880818535,-0.9390717853053749,3.2001478780236705,1.6922164869919882,2.9969788314057686
80,94.34298960919992,72.45817901294375,142.33042967032316,158.35334894092182,101.40363132195819,552882,345538,541290,231295,576458,-3.3818426545576235,5.048236257666929,2.796400513708263,5.003490905940535,-0.16277398819373967,3.2001478780236705,1.6922164869919882,2.9969788314057686
81,95.12436064203246,73.35958263261065,144.1723973252909,159.0956262486213,103.15243327897113,613583,345538,543194,241411,690052,-2.182414500413839,5.99854195217463,4.692650502601249,4.619557338419278,2.1399403527153376,3.2001478780236705,1.6922164869919882,2.9969788314057686
82,95.10424437920624,72.77385369182234,143.83903939711627,157.5077391070147,102.06754448253587,639243,345538,541944,238826,832674,-2.6103659514623496,5.114888863546795,2.361798473265057,3.648636192144229,3.9338437927851464,3.2001478780236705,1.6922164869919882,2.9969788314057686
83,94.96149736596315,72.25571822414756,143.14366450268676,153.55086239554387,102.42647287798071,670167,349370,541290,258022,819473,-4.087636814158353,5.23778802386399,2.9827639549873366,1.8521457698001647,2.037941282776787,3.2001478780236705,1.6922164869919882,2.9969788314057686
84,94.9890256008481,71.70978448197403,144.88859977482636,155.52461079313667,99.8602193190779,510828,345538,541290,236881,576458,-1.8259917440089062,1.1950398398350408,2.2805489247252297,2.8596890798890198,-0.4456578127083232,3.2001478780236705,1.6922164869919882,2.5219905673447025
85,94.22262627662967,71.19615646418096,142.60739688749882,157.28188334262612,99.56110080522224,510828,345538,541290,231295,616111,-2.929282462955835,-0.10620439674120526,-0.5117242359597463,3.2493459532932465,-0.8974868370554674,3.2001478780236705,1.6922164869919882,2.5219905673447025
86,93.97668802929871,69.83602826284508,144.28796413877947,154.71876683733822,99.66653365620154,510828,345538,567580,245662,595928,-2.988564158630182,-1.9292450769735885,0.951854449246058,0.03312010529062251,-1.7344250652267839,3.2001478780236705,1.6922164869919882,2.5219905673447025
87,94.28230564724397,70.80790828172597,141.11583942603426,148.60880874658045,99.96812240342229,511345,403686,589330,256619,576458,0.4662764776677455,-1.2689238352995105,-1.6556806164794966,-3.8867351341565985,-0.8403118340514409,3.2001478780236705,1.6922164869919882,2.5219905673447025
88,96.14869728212074,71.7040437969152,141.7155482127961,147.6502499389584,101.26332166857725,550843,427556,719814,416227,576458,1.2130177125848902,-1.0161399202771002,0.05406853710205153,-5.018988415165562,1.990410765609029,3.2001478780236705,1.6922164869919882,2.5219905673447025
89,95.16552993875969,72.06906764109301,143.05594801972958,149.79386543519482,105.80261282731186,510828,345538,541290,284535,576458,1.6722090692218219,0.0348059242174136,-0.55854396477429,-4.860327595959902,5.684141400032224,3.2001478780236705,1.6922164869919882,2.5219905673447025
90,95.59251081275559,71.7392464446094,143.07296421725604,146.3073907699244,104.65381401830605,510828,345538,541290,251330,842356,1.3244452065083017,-0.9922034725795553,0.5216976781794335,-7.607011946107621,3.2051935951173984,3.2001478780236705,1.6922164869919882,2.5219905673447025
91,95.19189764050887,71.39793469524078,143.53269973543095,144.72746768535515,106.53999113716024,510828,345538,541290,303808,926248,0.07099863591258734,-2.6740173089505292,-0.4437032342720978,-9.031146174196389,3.2840309729074577,3.2001478780236705,1.6922164869919882,2.5219905673447025
92,95.21485215660134,71.41976023632014,142.7932189067936,145.0555958217799,107.95295726438452,562589,345538,541290,294578,1114244,0.11630162051872245,-1.8606867532897402,-0.7270769428842705,-7.9057342552384045,5.7661941527903355,3.2001478780236705,1.6922164869919882,2.5219905673447025
93,94.34553205262168,70.98793754198705,142.11733494838464,142.4822749838881,106.56931317151438,576060,345538,541290,285714,1077621,-0.6486474312506529,-1.7545748811570445,-0.7169926506128107,-7.2084176141865814,4.044696822147705,3.2001478780236705,1.6922164869919882,2.5219905673447025
94,93.8841919287671,71.63604446703842,142.85923668623352,142.8774770033331,108.02972290993381,510828,345538,541290,239046,936442,-1.1631171760026304,-0.10283117634267248,-1.4006368283955466,-8.131917980894697,8.180938963044275,3.2001478780236705,1.6922164869919882,2.5219905673447025
95,93.76672880936331,71.94492121487453,142.6882285394588,143.41093857822216,107.04784841111817,510828,345538,541290,231295,711085,-0.4838513691264319,1.0516926585359612,0.056681247764272594,-8.819162429653264,7.51975173571326,3.2001478780236705,1.6922164869919882,2.5219905673447025
96,91.35100965467296,71.87920830234238,146.37183938332132,145.23429550981916,108.7104278670448,529305,345538,541290,231295,739992,-2.793967769759191,2.9256819013350674,1.4442474512548562,-6.130136325020254,9.07415345861236,3.2001478780236705,1.6922164869919882,2.5219905673447025
97,92.60340400269726,71.97197794058177,146.9664293444221,144.06530871976818,108.17812084816597,652335,345538,718491,259428,887118,-1.780717636274511,1.64398255379084,4.145948422362906,-3.057355795483298,8.212616429477555,3.2001478780236705,1.6922164869919882,2.5219905673447025
98,93.23845100540579,72.86117616494845,146.69190561815182,143.21671107792196,108.18887107526011,702478,345538,585311,245377,828095,-3.026818208649943,1.6137616607935672,3.5115112407308717,-3.0027303461181867,6.839148955975746,3.1859547277389746,1.6922164869919882,2.5219905673447025
99,93.86993631497548,71.86195341890766,141.00371285254923,142.19025964785743,106.1250446217739,578298,345538,541290,231295,576458,-1.361410612243683,-0.2873829632662809,-1.4345682200486498,-5.076046182029349,0.30474842335727403,3.1859547277389746,1.6922164869919882,2.5219905673447025
100,93.37491992139076,71.78755019495851,139.97986499530938,145.01113740557943,106.68678559486251,510828,345538,662324,231295,576458,-2.3198374773402506,0.06733239160297283,-2.161903360896188,-0.8859794146581425,1.9425680713374243,3.1859547277389746,1.6922164869919882,2.5219905673447025
101,93.69725650876877,72.25914501329441,137.29859685445084,147.06673157091063,106.56844093005449,510828,345538,658443,292216,576458,-1.570134821121637,1.206211806727573,-4.343332838071904,1.6163233717604735,0.026703393336708226,3.1859547277389746,1.6922164869919882,2.5219905673447025
102,94.40643678177928,71.53125650012848,133.69925470918196,148.72080179255684,107.21804826087782,510828,345538,813216,324657,576458,-0.8490433545939327,0.15611402704154315,-6.36862469186833,2.526759446964146,-0.680767828996899,3.1859547277389746,1.6922164869919882,2.5219905673447025
103,93.51501345897826,70.95246853434092,136.42779193134564,146.39428729925228,110.05889150992667,510828,380537,989477,326522,605466,-0.8802945678235116,-0.04996483751221732,-4.003412405042197,2.745613316327638,3.2744682634822864,3.1859547277389746,1.6922164869919882,2.5219905673447025
104,92.63173280449458,71.42811602693678,135.72535753548837,147.61151759355815,109.12365719018247,510828,345538,739655,257652,672647,-1.3340468704494999,-0.2902567299026577,-4.993642214688239,3.3133567931876424,1.0126234250926405,3.1859547277389746,1.6922164869919882,2.5219905673447025
105,92.48861395019416,71.4956017380661,133.44379710477557,149.101710134405,108.25260305334085,510828,345538,541290,231295,576458,-1.3630792877158802,-0.6245325857908234,-6.478762494501636,3.9681572497894746,1.1254356440643356,3.1859547277389746,1.6922164869919882,2.754100692394807
106,92.2766567459637,70.83814531439612,127.67421180580477,148.73230394099028,112.48772404289063,519650,345538,647434,231359,622079,1.0132861090314083,-1.4483506601342686,-12.774060677444139,2.408527833520298,3.474640151785207,3.1859547277389746,1.6922164869919882,2.754100692394807
107,93.07974597616443,70.86018862054313,127.15898836091894,148.79243040833686,113.48019977800939,510828,374722,1069341,231295,877087,0.5143892695923975,-1.5447530439645607,-13.477527535954195,3.281235247108475,4.901248873869035,3.1859547277389746,1.6922164869919882,2.754100692394807
108,91.91850191441488,71.68262133937867,128.82977836388008,150.24713153405176,114.28681299543834,516300,345538,985059,231295,824900,-1.415670334242671,-1.6175347250800314,-12.176627728027455,4.908938630984664,5.636385572353629,3.1859547277389746,1.6922164869919882,2.754100692394807
109,91.9542400294712,72.19735293233153,130.2335881022901,149.54654453111272,113.26462978944643,510828,345538,792528,231295,694640,-2.0407985354078297,0.46672752056809325,-7.638185216811768,5.173550495985841,6.727521475366892,3.1859547277389746,1.6922164869919882,2.754100692394807
110,92.07617104612238,73.34874773077658,127.51148453925421,146.6470262929552,113.575676980115,510828,345538,586337,231295,576458,-1.3908969093218464,2.1747469186205866,-8.907267096216287,1.1281125826910547,6.457117764718019,3.1859547277389746,1.6922164869919882,2.754100692394807
111,92.14574609523741,73.51505898455427,128.12528370379954,146.22275557412217,116.30533549906409,510828,406793,740142,272110,576458,-1.6558760323853887,1.7380692381964828,-6.681286889170362,-0.5738728179877456,9.136752385633887,3.1859547277389746,1.6922164869919882,2.754100692394807
112,90.57800365790528,72.95877017389124,127.96331749141184,143.04285152339997,115.99504791115757,536234,345538,631349,255966,721923,-4.055267049982434,1.9956502144767951,-4.290178902078945,-3.817858833948968,8.186121453100856,3.1859547277389746,1.6922164869919882,2.754100692394807
113,92.23647309525589,73.01379764862489,128.55040859978573,140.65818526640487,114.88079949900323,639815,345538,586768,315750,709090,-1.367203314666924,2.9052253668754076,-5.7740312439594685,-3.9182553764013646,4.38120711822875,3.1859547277389746,1.6922164869919882,2.754100692394807
114,91.88025956305314,72.82377475264319,131.52538998758686,141.7255938110038,112.88625767887045,567714,345538,541290,242374,595805,-0.8112481745618051,1.9539346735395966,-3.094460478251704,-3.9874420902310552,3.4480153850878175,3.1859547277389746,1.6922164869919882,2.754100692394807
115,92.14395033205713,73.22265778137708,134.2460855907807,144.77562379019653,111.09783976488752,510828,345538,541290,231295,576458,-0.3726551879376609,2.415611591938601,0.6012182682235842,-2.901433082362909,2.6283309881654318,3.1859547277389746,1.6922164869919882,2.754100692394807
116,91.35505469894238,72.3613522046292,133.77036442848254,145.6938514663328,112.86404965881077,550551,345538,624922,300831,654271,-0.9987380118879695,2.150263651698867,4.774772083144044,-2.0429001596472176,0.3345481643638267,3.1859547277389746,1.6922164869919882,2.754100692394807
117,91.2974316675691,72.17285809549674,134.1939794186485,144.08326874579942,116.67976447785509,612131,392374,583456,313703,779988,-1.9148250673693732,1.8524780987854323,5.532437107601031,-3.164920184188069,2.819491599507845,3.1859547277389746,1.6922164869919882,2.754100692394807
118,89.74319867951912,72.34457745940362,139.10029600976864,144.11107400538185,116.34350372172409,532565,366206,541290,324092,1033895,-2.3665564490173816,0.9234541199197323,7.9721612319160045,-4.083976489946661,1.7995870847915256,3.1859547277389746,1.6922164869919882,2.754100692394807
119,89.41279252971307,72.25353143859701,142.55151023868711,139.91130593049866,119.2201336963045,510828,345538,646778,231295,698499,-2.7638176324915427,0.07781241830034477,9.45832969504156,-6.442969732817515,5.258043855287452,3.1859547277389746,1.6922164869919882,2.754100692394807
120,88.06329158113957,72.10116117985147,141.55634722470697,141.0314628796435,116.24942446119215,510828,345538,677627,232618,718323,-4.358217136301968,-1.70089686534843,11.01458643996029,-3.829306024994697,2.35415500234726,3.1859547277389746,1.6922164869919882,2.754100692394807
121,88.53546235743286,73.59249528489818,138.27437595438604,141.41372192833217,115.05018069891311,609613,345538,686882,250995,845382,-3.91801454846666,0.1053339294200587,7.9212251924055925,-3.2888408010832824,-1.0791893551272858,3.0466305127338846,1.6922164869919882,2.754100692394807
122,88.97612917290296,73.65349677733275,136.78601261022465,142.3623247552676,118.40774499026385,579684,415865,787840,242253,931966,-1.7685027493565448,0.9522180839749431,6.894706461017573,-0.4757502810415212,2.0800000711704545,3.0466305127338846,1.6922164869919882,2.754100692394807
123,88.82306655553566,74.2178143225204,133.78025627985426,140.57040360063198,119.31327994193225,626814,345538,721049,231295,1148510,-3.700712337726835,1.6490262288366058,4.068324431663648,-0.06240779063560138,3.8583300797514717,3.0466305127338846,1.6922164869919882,2.754100692394807
124,90.29618901936425,74.5230578579502,133.10793902741617,140.5976262900702,116.98926388980271,513282,345538,688871,231295,793813,-1.7240597177479908,2.3334180507380813,1.203227027099985,-0.7958813158601264,3.634637461899179,3.0466305127338846,1.6922164869919882,2.754100692394807
125,90.92151442680644,75.21535492417284,132.10148748586843,139.73612206337313,117.4987379225691,510828,345538,541290,231295,737665,-1.3266588862811133,2.721421487793319,-1.5975125795843255,-3.480904861530047,5.761496507247646,3.0466305127338846,1.6922164869919882,2.754100692394807
126,90.549763260252,75.21642242530382,137.11004066566426,139.32550744388405,116.85780770555475,570515,355150,541290,231295,713011,-0.8814963127592522,3.945573339482137,2.4965740741232763,-4.371045145937652,3.538556394899129,3.0466305127338846,2.103488943043583,2.592658193895919
127,89.96964729724172,75.81574232206377,136.7504415066174,138.16609836928583,119.35476920062891,523448,345538,882191,231295,671216,-1.4543501893482482,5.047443488723823,1.9050497638149873,-4.106771333008149,2.292603807305007,3.0466305127338846,2.103488943043583,2.592658193895919
128,91.41065501989367,75.41694867763162,132.4331877724791,140.09004121082378,118.08887315550766,510828,345538,716918,231295,815038,1.8580308757760864,4.246857644516716,-4.7930223216932095,-2.7902316475747737,1.5001864117469101,3.0466305127338846,2.103488943043583,2.592658193895919
129,92.24662141685131,74.01196692470538,134.58489761322986,137.88068542660272,119.48707013071457,510828,345538,765617,231295,626602,3.1693774536753447,2.433701787438215,-5.5885852153498945,-1.4513626975254226,0.2239021431481118,3.0466305127338846,2.103488943043583,2.592658193895919
130,92.30697716268037,73.36447335904697,133.71155076192002,139.19930308852648,119.70997141350468,510828,345538,639873,231295,576458,4.818904114696604,1.7521384656264385,-5.541818941070931,-1.299114221541182,2.9768293205337715,3.0466305127338846,2.103488943043583,2.592658193895919
131,92.94494712199752,74.85047563879846,130.17769643220404,142.301651735133,119.93066868265336,524821,358650,597002,250200,576458,4.980472962080217,1.7093867370990317,-5.855516950481797,0.6278950830887724,4.242051558799819,3.0466305127338846,2.103488943043583,2.592658193895919
132,92.09713915913524,73.92607221907913,129.82033864144844,144.11712842478065,119.71284197403527,510828,405177,710929,297278,576458,3.507693597422489,0.37007807323856723,-5.092387617603178,1.2326320692849757,1.1022057584820426,3.0466305127338846,2.103488943043583,2.592658193895919
133,93.6671875154916,72.92020107717794,129.86439316659818,141.76829122565215,120.42753108952222,518081,447348,664891,298643,576458,5.45367453276026,-1.7483851514456656,-2.9270859707911647,0.8521620443115713,0.933886947146416,3.0466305127338846,2.103488943043583,2.592658193895919
134,94.62237741048976,72.66384105509933,124.15608479805195,142.19511131346007,121.28769211419444,510828,345538,541290,240261,576458,4.791108504255645,-2.4948208732856463,-6.725259435893157,1.1362105218576528,3.6742074285043835,3.0466305127338846,2.103488943043583,2.592658193895919
135,95.09040154491956,73.59931640593351,121.91673098377557,143.5457205396249,123.62658633328688,510828,345538,671014,231295,576458,4.585149229414951,-2.1485486838006933,-7.7097969870947765,2.726280377613492,5.21524615418081,3.0466305127338846,2.103488943043583,2.592658193895919
136,93.33135453058031,73.87701817301468,120.91231035920258,143.43647192019998,124.33365546831538,510828,362869,764030,231295,720244,3.0718923718592666,-1.7807337933671101,-11.813671871018554,2.950618699861327,6.397388338481792,3.0466305127338846,2.103488943043583,2.592658193895919
137,92.89682471899263,73.43278623916278,121.04710917455947,141.4116849197085,122.23525846755727,620333,345538,742670,231295,747171,3.2535166133086006,-3.1430887701108814,-11.483204119160403,2.349046972252176,2.4133843048084804,3.0466305127338846,2.103488943043583,2.592658193895919
138,93.6319866308824,72.64972474451231,122.52354932405156,142.33728199193868,118.95663725084783,573835,345538,624904,268380,906220,2.430057645364536,-3.66923348350748,-7.482745537661113,1.6041402812730903,0.7348398474405337,3.0466305127338846,2.103488943043583,2.592658193895919
139,93.00005080305478,73.55292743621048,120.50027770450052,141.4998229001451,119.85311408881309,510828,345538,541290,231295,859621,0.8167555349250226,-0.6202233335615709,-10.465230615403613,2.624832812764716,0.30634608221465015,3.0466305127338846,2.103488943043583,2.592658193895919
140,93.84635070905796,73.41675210421316,119.31380731127294,144.27685932146179,123.22814387175455,510828,345538,541290,231295,673920,1.667667595337481,0.07125893879226555,-10.767763419544039,3.6476879698931666,2.9389134561709436,3.0466305127338846,2.103488943043583,2.592658193895919
141,94.89367377648563,73.52435793860964,117.7074253230752,142.7236612294284,124.27687254994945,510828,345538,601130,256607,860624,2.096646148961983,-1.7716890759494774,-9.579422167470375,0.29655980036049334,3.6239303216064807,3.0466305127338846,2.103488943043583,2.592658193895919
142,95.37927917409232,74.59592170566616,119.10878405154692,139.92065347912003,126.39277554518631,598499,345538,583133,268116,930833,3.5637806395764895,0.9061072318328154,-8.251060428586488,-2.911850237045825,5.57996407152364,3.0466305127338846,2.103488943043583,2.592658193895919
143,94.40939263964607,74.35909447638201,119.69507063831335,143.7661210857508,132.8067302854416,544207,401868,560508,334608,917924,0.792385406075861,1.973243871998059,-7.830724250363977,1.4092219373080461,10.279376388375061,3.0466305127338846,2.103488943043583,2.592658193895919
144,95.09062173038653,74.2698020051571,120.87951110575666,145.54466604922357,132.1590047851152,510828,345538,541290,279971,1014639,0.4948557970229775,2.2101239443700953,-2.6390762060714543,2.3556047073795736,8.963244729469526,3.0466305127338846,2.103488943043583,2.592658193895919
145,97.00918448997429,74.48354594803241,121.99660745829462,146.90057216698372,133.0704508712179,510828,345538,541290,246280,777125,2.017851343437981,1.2014099930249105,0.06551723776918172,2.3371310651039057,7.639023949485392,3.0466305127338846,2.103488943043583,2.592658193895919
146,97.94197740395359,74.080535209399,120.87454024374266,144.78945382909046,134.02640549405362,589578,345538,560662,231675,705686,4.940057815042842,0.27548084833053776,-0.031237609593030288,0.9432621220934714,7.795757302581915,3.0466305127338846,2.103488943043583,2.592658193895919
147,98.83877832080042,74.44574298208848,124.53541998482503,144.85500741959035,135.4773372566256,621266,345538,604060,277251,664138,6.396293543704899,1.3794338943188165,2.881779527039461,2.4349632081938015,10.833272621240397,3.0466305127338846,2.103488943043583,2.188654764687515
148,97.75604793952047,74.1986245237951,126.11114027811732,146.5908062803918,134.8717537283392,685123,345538,864481,241337,722236,4.40454320903819,2.132010526853083,2.9280827839693595,2.988341655065481,13.378922643829135,2.9594987926303573,2.103488943043583,2.188654764687515
149,97.75954131833124,73.13502311574561,125.38472389044777,148.43264039057905,136.13373901914537,537117,345538,655423,231295,576458,5.117728941197668,-0.5681681681905897,4.053472970348871,4.899523793274552,13.583814700273933,2.9594987926303573,2.103488943043583,2.188654764687515
150,98.36441091669224,73.20154555449162,125.45710189924094,147.20302692314806,137.67306722441654,510828,345538,541290,231295,576458,4.814316351672692,-0.29313003306937785,5.148854710453593,2.0281614220382425,11.722097646536852,2.9594987926303573,2.103488943043583,2.188654764687515
151,98.89582441466302,73.59315920267218,124.36917038022871,143.09585860974133,140.11643732602224,510828,345538,541290,233341,675274,4.217510481893808,0.09357615080432227,5.659579282164072,0.26078183330417276,12.745384117794355,2.9594987926303573,2.103488943043583,2.188654764687515
152,98.46329703683236,73.00717363849759,125.94498374089937,142.42252815131218,142.51838272873204,544382,345538,574070,337610,732465,3.2334254247307688,-2.1298055320467855,5.73945888524388,1.7880667435315345,12.758329828575294,2.9594987926303573,2.103488943043583,2.188654764687515
153,99.20290880469435,73.53365559195055,123.03489340998175,144.8391183487368,143.13617524809132,515160,345538,599741,328021,755656,5.077372103583786,-1.1100711893333233,2.7902759519315965,0.7463491780139264,7.7778023300842,2.9594987926303573,2.103488943043583,2.188654764687515
154,98.89121338260607,73.67247024737806,119.33397407413088,145.72091314737986,140.84588056248933,510828,345538,591632,272570,580388,3.9968101828122196,-0.8042727214185493,-1.278576507704109,0.12109485214435022,6.573048723769228,2.9594987926303573,2.103488943043583,2.188654764687515
155,97.53458578972962,72.60990917691738,121.74293490319,144.5808398529354,144.34041121518305,510828,345538,656715,231295,576458,0.5415995428861992,-2.515504259722379,-0.20793410602941098,-1.5791172762836079,8.469168226439635,2.9594987926303573,2.103488943043583,2.188654764687515
156,97.05170339557829,71.4317581426805,119.45282150036225,147.0840070003761,144.0108357008972,532846,412563,778439,231295,795143,-0.908981043647341,-3.575537162672178,-1.1761937133440377,1.584751589707714,7.449599330847197,2.9594987926303573,2.103488943043583,2.188654764687515
157,96.55654480988831,71.57523595711764,120.55297653111772,149.38806158354254,147.38176322156258,537491,403664,782150,287897,685923,-2.3090466613262617,-3.855837701373299,-3.1978399833497777,3.129373464337092,8.787023871296821,2.9594987926303573,2.103488943043583,2.188654764687515
158,96.25736059514912,70.6761735150077,119.74026643415098,149.99436469246746,145.1707593854066,578692,345538,732476,315778,853723,-1.5330891294813318,-4.747326559480585,-5.051793069126506,2.3218089172423895,7.636147208267059,2.9594987926303573,2.103488943043583,2.188654764687515
159,95.34325814973599,70.94809391164937,119.69224740126995,150.14393810366312,143.460828926731,510828,345538,541290,231295,713161,-2.471659682533894,-2.990262545805376,-4.5400079950341485,1.152911993333159,5.382273314740286,2.9594987926303573,2.103488943043583,2.188654764687515
160,95.18195206423368,70.33634885047543,121.62799323205209,152.32952312479946,139.3467278748627,510828,345538,541290,231295,599110,-3.235376314258489,-3.91412050430454,-3.052125873483146,3.4826024361087717,1.2156776079652314,2.9594987926303573,2.103488943043583,2.188654764687515
161,94.30882949093048,69.34074017495503,120.31124420428222,152.2466832606798,136.20601645605194,510828,345538,612481,279058,837813,-4.63820889393632,-5.778280310002979,-3.262807143876864,6.394891326586243,-2.7908366388673924,2.9594987926303573,2.103488943043583,2.188654764687515
162,93.44934883321058,68.68742218477985,120.80386645636358,152.4765189685935,134.67917695913005,580927,357981,671219,250822,984961,-5.09220019490735,-5.916886298197803,-4.08203418018805,7.059270010008375,-5.500487459588318,2.9594987926303573,2.103488943043583,2.188654764687515
163,93.70257463239156,68.35062548621856,120.29029466570917,156.0235022508133,137.59761205428796,575623,345538,586861,235758,966459,-5.54452912578558,-7.048514131397751,-2.230748260273546,7.721935917303265,-3.8694363491295056,2.9594987926303573,2.103488943043583,2.188654764687515
164,92.46574637283149,68.94303115887564,122.06445451414626,153.72042439579496,139.42008867818456,510828,345538,541290,244103,771367,-6.497510537073409,-6.419547318858545,2.288099814994174,5.489610980082539,-1.0123064150762922,2.9594987926303573,2.103488943043583,2.188654764687515
165,94.09453941840141,68.21370852615524,120.17806543420826,155.92578284476645,140.04596044988153,510828,345538,541290,231295,588195,-3.5270015692120205,-6.05454641190997,-1.28538832271961,7.846781775075364,-2.9752241448857597,2.9594987926303573,2.103488943043583,2.188654764687515
166,94.7303641404787,68.47355337342545,121.05380303488609,153.25858548677812,142.41551091024974,610891,352331,621430,247936,576458,-2.391858333117468,-4.141301916923586,1.340262636256762,4.197994474264111,-1.1077810797243461,2.9594987926303573,2.103488943043583,2.188654764687515
167,96.01018279690643,68.35152957703774,121.01498817266557,150.22341342846596,143.60722091821307,606456,345538,641839,302651,672538,-0.5658466902037705,-4.503940974796506,0.383243661701368,0.5591824648292044,-2.561064694059295,2.9594987926303573,2.103488943043583,2.188654764687515
168,96.70061246226166,68.33193240127173,123.46228470458126,149.6596907527903,144.92274013639405,608805,345538,545392,335634,691937,0.4604862052854523,-3.316876108520771,3.1084098785408503,-0.22312434228000858,-0.17084656032837117,2.880723321553635,2.103488943043583,1.9244773848733832
169,95.72748614659936,68.34183381023908,123.13806551333816,150.21072767746094,144.1006860757104,510828,345538,541290,256393,576458,0.40299440602286285,-3.6734744483140354,2.8788983304123748,0.044483696539054894,0.4460152320088565,2.880723321553635,2.103488943043583,1.9244773848733832
170,95.68702751332638,68.92669371132281,122.25616994509627,147.11582662334595,148.18238924649256,510828,345538,541290,231295,576458,0.5306420367926995,-2.0041630852197563,0.5164737955066768,-3.422643486635267,6.340774201432661,2.880723321553635,2.103488943043583,1.9244773848733832
171,97.22352789869048,68.07885979421307,123.78453462230466,146.23272164996044,148.82854240996775,510828,345538,541290,260241,869569,3.090589103367359,-1.8198253689794492,2.8869208701100106,-3.950142940337245,9.267230833366732,2.880723321553635,2.103488943043583,1.9244773848733832
172,97.63379260024594,67.94907097781876,122.16084447285621,144.99455363577948,146.7114618602123,538146,396823,555455,272249,791098,4.477766639662522,-1.0749438302907988,1.1232902193431007,-4.9069623201163965,8.93403506967791,2.880723321553635,2.103488943043583,1.9244773848733832
173,96.85165636077987,67.92949865504836,120.69852013232254,146.4287654104588,150.239391697697,545934,345538,626528,279456,803675,3.3607205999862897,-0.6161272529321765,0.3393669187924479,-6.14954587093592,9.187499299349263,2.880723321553635,2.103488943043583,1.9244773848733832
174,96.3396181547077,68.11466108420959,121.80975996814809,147.46311823685798,150.44732738648105,510828,345538,541290,231295,691535,4.189520913243214,-1.2015283644218056,-0.20865578518491648,-4.0705756463603375,7.90936142190387,2.880723321553635,2.103488943043583,1.9244773848733832
175,97.21240015883997,68.46445478312044,119.24838286289489,149.29716351929068,152.60619455125664,510828,345538,541290,231295,576458,3.313540572821828,0.3675892461836417,-0.773587566045765,-4.251137435093052,8.968651477719739,2.880723321553635,2.103488943043583,1.9244773848733832
176,96.51251624155057,68.51476542424417,120.73167290263822,148.9904319357336,155.25349392626546,559209,345538,629578,260845,657560,1.8812891908966611,0.060186814891839635,-0.2661049253901013,-2.784936020052685,9.014455612286659,2.880723321553635,2.103488943043583,1.9244773848733832
177,99.10371415641309,68.01073422485716,117.90414432605318,149.70227671916362,157.06695185754515,611727,345538,601155,236783,720684,3.2220867301653895,-0.49859213727832363,-2.570626906291802,-0.3469077804908866,9.372600384069571,2.880723321553635,2.103488943043583,1.9244773848733832
178,98.95772253143564,69.01449429257242,115.22691907934308,151.2132290787036,155.59308952195548,716338,352577,717855,231295,789737,2.334121792718567,0.9988915391597945,-6.670349285163198,1.0380472644965126,7.362784733106083,2.880723321553635,2.103488943043583,1.9244773848733832
179,100.91878796603177,70.4098458568807,113.74837163347523,150.2172036533984,157.7600715271054,571763,345538,693808,231295,577701,5.4230002566685265,3.025982668805384,-7.625338144398454,0.004311260612070203,9.479056500965141,2.880723321553635,2.103488943043583,1.9244773848733832
180,100.59582906676432,70.4024532364373,113.84798951940012,146.50574117234927,157.75291130733902,510828,354472,575807,231295,576458,5.130059613100938,2.1410566003575124,-6.877510091696941,-0.41469736125580314,6.4586096293308275,2.880723321553635,2.103488943043583,1.9244773848733832
181,99.95279040519155,70.08771439341102,116.80509902217699,144.16726627101738,159.830720692107,510828,345538,541290,282800,576458,2.807203735031131,2.950775916738701,-5.6383744717573565,-1.412444051945617,7.3925190047432645,2.880723321553635,2.103488943043583,1.9244773848733832
182,99.74722438138036,69.92168640632978,118.4752288650288,144.92509051456702,161.3120432543114,510828,345538,767711,333470,682844,2.1646519354089904,2.9030793212094963,-3.017018770401795,-0.047907400292395375,9.951902331946382,2.880723321553635,2.103488943043583,1.9244773848733832
183,100.90142900579279,69.7224631622251,117.25598994299665,142.93518713119653,159.24517404036413,510828,345538,746299,335407,644008,4.181418054356455,2.6394490503772987,-2.8521726575867095,-2.3858551763851272,5.994288342692481,2.880723321553635,2.103488943043583,1.9244773848733832
184,104.27816552315164,70.61118860686013,114.57043556507465,140.52767561032744,160.49876618160377,510828,345538,600488,271834,590214,8.240169019245824,3.665183798777333,-5.9431398641344035,-4.703171009438922,6.681035130189975,2.880723321553635,2.103488943043583,1.9244773848733832
185,105.00069996950447,71.01767457068712,114.1073979155803,140.3935642783318,161.36309328780743,510828,345538,541290,243688,576458,8.011632053049636,3.729263302621316,-4.311156951474477,-5.9636760880647515,5.738232817023407,2.880723321553635,2.103488943043583,1.9244773848733832
186,105.20963838112075,69.51025839500356,113.69941198145916,138.9061743269349,161.84419962537095,558630,345538,541290,231295,576458,9.011393007102946,1.4529612187902605,-5.824702625341813,-6.768392760381089,4.2451255249917965,2.880723321553635,2.103488943043583,1.9244773848733832
187,108.76350585839047,69.78961868226705,113.1294972449038,140.73139121156862,163.11783233430634,510828,447468,541290,234235,576458,9.747154064005672,2.6155936672122047,-4.049600723063245,-5.992484352408398,3.8524211523816634,2.880723321553635,2.103488943043583,1.9244773848733832
188,109.36793426441581,70.23380920892994,117.31137032323338,138.71276889372055,164.37699248499416,722431,380632,541290,269418,588693,10.519857840981727,1.766751939365794,1.808996769630702,-8.266776829742053,5.645432576746414,2.880723321553635,2.103488943043583,1.9244773848733832
189,108.370547162417,70.62799014347023,115.47353602306833,138.0297230843496,163.62390765537012,510828,345538,681821,243282,576458,7.383916658703245,0.3098207131896697,1.516649746118565,-8.113238878530463,3.716932980254914,2.880723321553635,1.4930671180580717,1.585311693468913
190,109.61495699470845,71.2758796837499,113.02030863379075,138.22758010278713,161.8066038033385,510828,345538,548764,231295,576458,8.965707635808869,1.2406193352088506,-0.7270052717692728,-5.650400457565496,2.5696467104191556,2.880723321553635,1.4930671180580717,1.585311693468913
191,108.22458793291602,71.12887717682514,112.44697335919871,142.89701715038476,162.93349936074276,575499,373532,717161,231295,632715,8.275704454264876,1.4855139626467875,-3.7311090863857186,-0.8810939913674366,1.9412905448964644,2.880723321553635,1.4930671180580717,1.585311693468913
192,106.71584356981543,70.73773742188486,114.49496880386747,147.05495126477723,158.89706222282803,559244,345538,639166,317102,683430,6.986278797884917,1.1670928684597643,-3.359571531780526,1.4696287182902479,-1.4970866295928709,2.880723321553635,1.4930671180580717,1.585311693468913
193,104.65426453404585,72.05655846979225,115.3079237750011,145.44873531623182,160.2600219001026,644992,345538,673284,360541,781267,3.719308601702367,3.347694848554551,-1.6613788079761131,1.7585230309512023,0.6372864143947191,2.880723321553635,1.4930671180580717,1.585311693468913
194,101.80145056427698,72.06330424031681,116.00034609159366,147.36354169579,157.71527581746525,562749,346733,541290,274496,576458,-2.3751040751908805,2.056495099582005,1.2480623988784936,4.864426922151543,-1.734275241087527,2.880723321553635,1.4930671180580717,1.585311693468913
195,101.98394978356289,71.41592369703278,116.54712542678838,145.70408167482142,156.71015095516142,568582,345538,541290,231295,576458,-2.8730762621751427,0.5607746645509569,2.138097578049292,3.782593186366759,-2.8835232628733833,2.880723321553635,1.4930671180580717,1.585311693468913
196,100.97780339931053,71.88194166307181,118.34106823163893,145.34467870466523,156.81778395618562,549662,345538,541290,251367,612717,-4.022288306400643,3.411990291549155,4.082392484964367,4.635146284121561,-3.105712580877305,2.880723321553635,1.4930671180580717,1.585311693468913
197,99.49504966089455,71.67393259824262,118.27008522495325,150.64919006002208,154.08810162407383,594730,345538,556782,231295,576458,-8.521660022216832,2.699991705864351,4.5439855256503545,7.047325236445314,-5.535710339582176,2.880723321553635,1.4930671180580717,1.585311693468913
198,101.16821133948241,72.3824991338984,118.8791182203848,154.35084188986173,155.0091236918657,687375,345538,541290,369816,729976,-7.497373869299895,3.0593384427955366,1.3363989294743834,11.273708340522575,-5.699014595356851,2.880723321553635,1.4930671180580717,1.585311693468913
199,101.6840314289121,72.3470387799645,121.48229106114152,156.75044036078856,153.48966540143041,568817,345538,541290,314567,601545,-6.17004888190117,2.4339481174563904,5.203577585839938,13.562815934216415,-6.193619501671337,2.8840565955454323,1.4930671180580717,1.585311693468913
200,100.33131415257577,72.20895666565723,119.82902578729376,156.72505175272434,156.54372713524933,510828,345538,541290,266277,576458,-8.469321246534665,1.3091062306735033,6.024330702869222,13.381896461026333,-3.252572234002102,2.8840565955454323,1.4930671180580717,1.585311693468913
201,99.92393785442525,72.18217463104111,119.98523486425873,158.63142346583868,151.07577671036532,601712,345538,642305,234708,769539,-7.669837545268371,1.4808295814897878,6.703836732874905,11.011011026839729,-7.277645601978916,2.8840565955454323,1.4930671180580717,1.585311693468913
202,99.35898530649716,72.33488301484482,122.56564753248409,157.7045919379407,146.6574869818966,577581,345538,577656,231295,1102465,-6.893876314162557,2.2578409363512324,7.0489374449648405,7.241946348333726,-7.702832934549388,2.8840565955454323,1.4930671180580717,1.585311693468913
203,100.11001428186269,71.88936392389043,120.082512232534,156.49589081410352,146.24018808390525,578079,345538,733276,231295,1200648,-4.34215487769716,-0.23203237769385499,4.1407288425811,7.595222793689603,-8.748179146597492,2.8840565955454323,1.4930671180580717,1.585311693468913
204,99.54307510038427,70.35447914568283,122.00840134993368,159.2992756166733,147.77177853413085,510828,345538,658410,231295,907107,-2.2184118707294616,-2.3712832941095616,5.179342528509418,8.099516192086947,-6.304714132347397,2.8840565955454323,1.4930671180580717,1.585311693468913
205,98.4056165581297,70.21871352296871,122.0317997554651,160.6902622715993,149.35592050810126,510828,354212,541290,231295,665640,-3.5087219440190096,-1.6763910793102441,4.705971347291646,10.285354002795637,-4.692887092658333,2.8840565955454323,1.4930671180580717,1.585311693468913
206,97.70998915571708,70.28036390720987,123.034350708883,163.96583610745034,151.04370921060465,604049,345538,541290,231295,759752,-3.236170854966094,-2.2280669091674294,3.9658949740571137,12.811722843065063,-3.682028019981607,2.8840565955454323,1.4930671180580717,1.585311693468913
207,98.63189605982166,70.34366217675452,126.13780738116013,164.9834239201089,149.00688920379207,584554,345538,541290,297857,787695,-0.8675342180487883,-1.8560031147512503,6.652334900446075,9.514975722322653,-3.29760206448536,2.8840565955454323,1.4930671180580717,1.585311693468913
208,100.22391197236173,70.83314920366865,125.20103627609926,164.03830958979913,149.72010602860288,594898,345538,663463,312635,871434,-0.9333953369522021,-2.1405035039805025,5.317938213500654,6.276264891933645,-3.412068617184482,2.8840565955454323,1.4930671180580717,1.585311693468913
209,100.81153656654848,70.97707530901744,125.91821544241996,167.93320347516277,152.29743684785112,527480,345538,541290,242484,638170,-0.8580451129866835,-1.8935999234380028,3.6514987843338074,7.134119105908172,-0.7767484217658522,2.8840565955454323,1.4930671180580717,1.585311693468913
210,101.10286411545893,71.64245742724084,123.69575463520084,168.94252597123008,156.74019032914413,510828,345538,541290,231295,576458,0.769002149926837,-0.7845276605219424,3.2268716385718106,7.795482650586119,0.12550052147733884,2.8840565955454323,1.4930671180580717,1.6256403582573196
211,100.94706747335107,71.0524667596362,122.3236711407427,166.59955487909755,154.81224975346865,510828,345538,623215,245278,780944,1.0239084256430866,-1.5650787430267943,1.9489366996943303,5.023047287333214,2.4732443045894144,2.8840565955454323,1.4930671180580717,1.6256403582573196
212,100.63120143310078,70.08374996964929,122.39067338265316,168.7431936979283,152.6131658332123,510828,347459,600844,249274,902568,1.280423831502668,-3.1120988261411093,-0.14275953609640613,6.999543655857182,4.060944295364113,2.8840565955454323,1.4930671180580717,1.6256403582573196
213,102.38516850055433,70.44228648788372,124.645741767485,167.37577630246585,154.7066732331551,543211,359239,541290,269031,1038494,2.272653974742103,-2.0129228539825936,3.800078337896972,6.9521860489526865,5.789438088244393,2.8840565955454323,1.4930671180580717,1.6256403582573196
214,101.26751320430975,71.07026616343354,125.0563227848051,168.7326446134214,151.86195162625086,510828,345538,541290,231295,794764,1.73235365914351,1.01740077738126,2.498124228453456,5.92179026566819,2.767898669619994,2.8840565955454323,1.4930671180580717,1.6256403582573196
215,100.37627257858323,71.49506749524416,123.03524676385875,169.89755165920212,148.61630541171704,510828,345538,541290,231295,762596,2.0025849025491707,1.8176835037827146,0.8222832166733746,5.729836554775567,-0.4952030651802047,2.8840565955454323,1.4930671180580717,1.6256403582573196
216,101.3881853104729,70.63798191487489,124.2597681406262,171.4468975102965,146.99445700541358,510828,345538,557938,231295,961997,3.7644013539844,0.508844843400595,0.9959961788579879,4.562573265532989,-2.6808479653694657,2.8840565955454323,1.4930671180580717,1.6256403582573196
217,102.11337573590308,70.82675642577689,123.13215906968684,169.2567276740976,142.50215324371024,539553,354024,561530,231295,990840,3.5297706068327566,0.6867630061802686,-2.382829045371702,2.5901412714394825,-4.365392764616075,2.8840565955454323,1.4930671180580717,1.6256403582573196
218,102.58523875792163,69.74794816770387,123.36991516604022,168.77328067654605,144.05469457414293,519657,345538,566132,248457,1087473,2.356051304613881,-1.5320525038982462,-1.4625446917395868,2.886503219026937,-3.784001764851558,2.8840565955454323,1.4930671180580717,1.6256403582573196
219,102.33518908362707,69.52780460043897,124.99214292616055,169.64559288561617,144.78936195995806,510828,345538,541290,231295,902051,1.5113870584372882,-2.041885640213667,-0.7354555597898268,1.0196848360048458,-4.92987606573695,2.8840565955454323,1.4930671180580717,1.6256403582573196
220,102.93943181577767,68.48968054263958,126.6889712393968,171.156621351445,142.4837922556881,510828,345538,541290,231295,668751,1.8165338008836112,-4.40071013449418,2.4198216123289384,1.3105613092300845,-9.09556001145497,2.8840565955454323,1.4930671180580717,1.6256403582573196
221,102.75379705795316,68.47044484458611,126.42117750966025,172.03613051011587,145.76589143670196,510828,345834,555418,261385,815458,1.7897791682547415,-3.633965198963223,3.3497248167143847,3.2632593976398527,-5.84343831394001,2.8840565955454323,1.4930671180580717,1.6256403582573196
222,104.04940218284692,67.59789910385695,127.83355730734148,175.2448769266833,146.67377599149142,511838,345538,541290,271414,1027721,3.396760349739579,-3.546971825664116,4.44713945454912,3.8530047264566125,-3.8917938759044555,2.8840565955454323,1.4930671180580717,1.6256403582573196
223,105.37092596585082,68.95617828131871,130.17660628829043,175.94887044908458,149.1358073469449,531575,375495,614970,337597,1043925,2.916201153959445,-2.1096819547738868,4.437267123912451,5.122063858945894,-3.6009215179842187,2.8840565955454323,1.4930671180580717,1.6256403582573196
224,105.6210901446309,68.97870331281914,129.41359835091984,179.79151046280884,147.2234627423959,510828,369016,560153,237232,885199,4.299085464395374,-2.942950636774935,3.4842505113577236,6.554076050146727,-3.054411479756824,2.8840565955454323,1.4930671180580717,1.6256403582573196
225,107.4766353382923,69.32820234868379,126.32433430665826,180.80046223916204,142.41470192900817,510828,345538,541290,238774,681011,7.0737461925080884,-3.0307897068626564,2.6732888577142813,6.417344142680817,-4.1728957435244665,2.8840565955454323,1.4930671180580717,1.6256403582573196
226,108.29326909059424,69.94082781436782,125.05449801702547,181.21642308973807,146.90674065690297,528175,345538,760780,250764,911555,6.810540852443947,-0.9869394362755107,0.6395713498353338,5.698280762913682,-0.05967323550668341,2.8840565955454323,1.4930671180580717,1.6256403582573196
227,107.78997388774678,69.22065923710996,128.36945316548642,186.1705015011604,146.9256149067911,542675,345538,724908,244973,1092291,5.559113202295018,-2.267641876767364,4.253392562405675,9.992969886331574,3.1041367182120907,2.8840565955454323,1.4930671180580717,1.6256403582573196
228,109.07803441585814,70.1465515439321,126.73749036731914,185.09752329884134,149.83368150789315,510828,371872,911154,321575,879288,6.329171464188982,0.5714911860486915,2.729656737419813,9.67229087261786,4.011661647566685,2.8198876585049306,1.4930671180580717,1.6256403582573196
229,111.19002927866951,70.54388778753584,124.83374768527399,190.23789766834713,148.59178217289306,510828,345538,725875,231295,774295,8.652781388625153,1.4614055383110036,-0.1267241581577933,12.138426016533987,2.6261737474791658,2.8198876585049306,1.4930671180580717,1.6256403582573196
230,110.89236386303163,70.78972394918799,128.29320689479758,192.56706250823663,149.58589127136432,510828,345538,564430,231295,621681,7.7258363553887515,3.358233515363639,1.2662788557729623,12.50926840442148,4.984496063195362,2.8198876585049306,1.4930671180580717,1.6256403582573196
231,111.55143956907251,70.83401402472688,129.57392640685794,186.26892476737052,148.90009435721646,510828,345538,721962,256927,665520,8.561866094503035,3.4519553443906927,2.4938455402037136,8.273142516663238,2.150162078126149,2.8198876585049306,1.4930671180580717,1.8002771966712312
232,111.93519793475221,70.0471118558045,130.47116510498324,185.87097864003138,153.11574140812905,510828,345538,756149,370232,592760,7.578895780724923,3.6232083902261554,2.0633140884129064,6.063573383542441,4.392036253986758,2.8198876585049306,1.4930671180580717,1.8002771966712312
233,113.95372778255236,69.74010119659381,130.15166600702926,185.80425706801338,152.03829113313748,510828,365665,719913,356336,825563,8.145322571696019,1.1368421725417397,-0.01915880431383602,5.601278708851227,1.9462018128485687,2.8198876585049306,1.4930671180580717,1.8002771966712312
234,114.2947141364069,69.23611902774806,127.63117488524331,187.48135797394772,153.57999485867063,510828,345538,541290,232245,576458,8.212019001033678,0.37318143508952606,-1.3773077083007026,4.277091555293196,4.317608075417348,2.8198876585049306,1.4930671180580717,1.8002771966712312
235,113.40262756310834,69.86205214322406,126.25468509055241,188.23694774682235,155.60580628184445,510828,345538,541290,231295,576458,5.513749296452622,0.770032651150097,-0.055135233039714786,4.113089875745649,9.262459685806784,2.8198876585049306,1.4930671180580717,1.8002771966712312
236,113.463638334179,70.19089100688723,125.14376958561856,187.86306653773877,155.1158948891753,510828,345538,588842,231295,590103,4.774414224451396,0.3575353628686042,0.07138613165352686,3.6677930921908195,5.588003787685015,2.8198876585049306,1.4930671180580717,1.8002771966712312
237,112.64798886967286,70.08164210672336,121.82398495020361,186.74552349104508,154.43123143431671,510828,345538,578325,231295,581634,4.506926578333942,1.2438235623618943,-5.098929732796146,0.3088684755361692,5.108446564805687,2.8198876585049306,1.4930671180580717,1.8002771966712312
238,112.44277996194766,69.92743650548591,121.71678549607354,188.081501514927,156.6044551659745,510828,345538,778667,231295,576458,3.0847141352597975,-0.31236751290469494,-3.9614993611552927,1.6121113685935198,4.518859571454024,2.8198876585049306,1.4930671180580717,1.8002771966712312
239,111.76100613509355,69.11821403934509,119.54795494005218,186.98591638921823,155.75117300436784,510828,345538,541290,231295,576458,0.5135144402139071,-2.020974166443154,-4.234265848164831,-1.7094287305457232,4.8181606861303505,2.8198876585049306,1.4930671180580717,1.8002771966712312
240,110.9320756953237,68.25450144346429,118.61753945638323,187.56015289936664,157.24284979045922,510828,345538,541290,231295,576458,0.03581115138019817,-3.5813425512768595,-7.541839254473191,-2.6000861952473464,5.118770529771677,2.8198876585049306,1.4930671180580717,1.8002771966712312
241,110.36322949874723,67.98846674062466,116.7319379890649,187.60280573015274,155.1558941503463,538221,345538,541290,231295,656367,-1.0651678498416373,-4.017204620239219,-9.910935613288126,0.7161049350814089,4.201340382042992,2.8198876585049306,1.4930671180580717,1.8002771966712312
242,111.14867231371649,66.8184853030028,116.0241939751531,188.48357077885558,155.62640177783265,510828,345538,641222,231295,764157,-0.7026615716480823,-4.609221518580223,-11.072922601867957,1.4055944386476258,1.6397140794371046,2.8198876585049306,1.4930671180580717,1.8002771966712312
243,114.53661705448324,67.06598250391889,114.026729963729,188.36377624704156,151.32264058188485,510828,371459,612092,231295,774331,0.5115140007031241,-3.834406097485747,-12.389342785999672,1.3775352725590475,-0.4707041534858733,2.8198876585049306,1.4930671180580717,1.8002771966712312
244,114.5297806645584,66.53137904140922,115.88568995824195,187.09048035638412,151.05672283348204,525566,345538,541290,231295,808326,0.2056670161237398,-3.906544769291367,-9.202677118315368,-0.20848879151916513,-1.6429692080082354,2.8198876585049306,1.4930671180580717,1.8002771966712312
245,113.84763507109678,67.69289515643598,115.25309769196794,191.86801911630167,153.03452514748867,510828,345538,541290,231295,617401,0.39241375402945566,-3.1049144997073617,-8.713805266469056,1.9289897190444705,-1.6524326410407182,2.8198876585049306,1.4930671180580717,1.8002771966712312
246,114.54345302508172,67.95451816177294,116.06328058932571,187.08699978357404,152.37535259351728,542393,435246,541290,280082,731285,0.9516834703664236,-3.186129728563857,-7.256045607672319,-0.41310235612960733,-1.7667707733085958,2.8198876585049306,1.4930671180580717,1.8002771966712312
247,115.68988204626704,67.93331310706554,113.26674823754807,187.06763037082692,156.56213728532697,514391,354980,563041,369979,719748,2.7003528488320185,-3.0654661264732526,-7.024262682059996,0.17248439146509859,1.3798412608764177,2.8198876585049306,1.4930671180580717,1.8002771966712312
248,117.35901820900752,67.90324320230997,115.18328654572599,186.2657143771466,152.40232577676065,510828,345538,660922,316487,860032,4.372213359295795,-2.894705432276425,-5.367787954405281,-0.965425692136074,-2.6832757629789725,2.8198876585049306,1.4930671180580717,1.8002771966712312
249,116.29128985366806,68.96728301725629,114.65132685117189,185.77461256586682,151.69270586212934,510828,345538,541290,244462,763783,4.05354593273653,-0.21836649599030694,-4.095953035194726,-0.6478048436707072,-2.6057377700293047,2.8198876585049306,1.4930671180580717,1.8002771966712312
250,118.81089467992823,70.09220352722535,119.20101281229563,185.49421813007874,152.41920893816885,510828,345538,541290,231295,576458,7.102381286224007,2.692426206179589,0.4918946713836968,-1.1014785056164684,-3.0676376437582498,2.8198876585049306,1.4930671180580717,1.8002771966712312
251,116.98277147216959,71.13195566957056,116.81339964202594,186.1537980606639,149.80490337497892,564078,389912,925238,231295,576458,5.997959649683411,4.623562024038987,0.0697852313294671,-0.7723805962545667,-3.4487834346675057,2.8198876585049306,1.4930671180580717,1.8002771966712312
